<project name="build-beans" default="to-java" basedir=".">
    <description>
        Build the java classes needed for SALT
    </description>
    <!-- set global properties for this build -->
    <property name="src" location="src"/>
    <property name="build" location="build"/>
    <property name="dist"  location="dist"/>

    <taskdef name="xmlbean" classname="org.apache.xmlbeans.impl.tool.XMLBean" classpath="ecldirect/target/xbean.jar" />


    <target name="to-java" description="generate the source from XSD" >
        <xmlbean schema="schemas" destfile="ecldirect/target/salt-gen.jar" classpath="ecldirect/target/xbean.jar"/>
    </target>

</project>