<hyg:hygiene-spec xmlns:hyg="http://hpccsystems.org/salt/hygiene">
    <hyg:module-name>Customers</hyg:module-name>
    <hyg:file-name>Customers_File</hyg:file-name>
    <hyg:field-rule>
        <hyg:field-name>first_name</hyg:field-name>
        <hyg:field-type>STRING50</hyg:field-type>
        <hyg:caps>false</hyg:caps>
        <hyg:left-trim>true</hyg:left-trim>
        <hyg:right-trim>true</hyg:right-trim>
        <hyg:allow>ABCDEFGHIJKLMNOPQRSTUVWXYZ</hyg:allow>
        <hyg:spaces>{()}</hyg:spaces>
        <hyg:on-fail>BLANK</hyg:on-fail>
    </hyg:field-rule>
    <hyg:field-rule>
        <hyg:field-name>last_name</hyg:field-name>
        <hyg:field-type>STRING50</hyg:field-type>
    </hyg:field-rule>
    <hyg:field-rule>
        <hyg:field-name>phone_number</hyg:field-name>
        <hyg:field-type>STRING50</hyg:field-type>
        <hyg:caps>false</hyg:caps>
        <hyg:left-trim>true</hyg:left-trim>
        <hyg:right-trim>true</hyg:right-trim>
    </hyg:field-rule>

</hyg:hygiene-spec>